preset,quantity,recommended_preset,state,status,value
COARSE,CL,FINE,cruise_trim,FAIL,0.38643
COARSE,CD,FINE,cruise_trim,FAIL,0.0236942
COARSE,CY,FINE,cruise_trim,FAIL,0.0003698
COARSE,Cl,FINE,cruise_trim,FAIL,0.0001006
COARSE,Cm,FINE,cruise_trim,FAIL,0.0040312
COARSE,Cn,FINE,cruise_trim,FAIL,-0.0001549
COARSE,CL_alpha,FINE,cruise_trim,FAIL,2.1857307
COARSE,CD_alpha,FINE,cruise_trim,FAIL,0.075098
COARSE,Cm_alpha,FINE,cruise_trim,FAIL,2.9203856
COARSE,CL_q,FINE,cruise_trim,FAIL,9.5545056
COARSE,Cm_q,FINE,cruise_trim,FAIL,-13.4374439
COARSE,CY_beta,FINE,cruise_trim,FAIL,-0.7213518
COARSE,Cl_beta,FINE,cruise_trim,FAIL,0.2817706
COARSE,Cn_beta,FINE,cruise_trim,FAIL,0.0636425
COARSE,CY_p,FINE,cruise_trim,FAIL,-0.0461163
COARSE,Cl_p,FINE,cruise_trim,FAIL,-0.4676757
COARSE,Cn_p,FINE,cruise_trim,FAIL,-0.0543612
COARSE,CY_r,FINE,cruise_trim,FAIL,0.2996051
COARSE,Cl_r,FINE,cruise_trim,FAIL,0.0972937
COARSE,Cn_r,FINE,cruise_trim,FAIL,-0.0850593
COARSE,CL_delta_e,FINE,cruise_trim,FAIL,0.386516
COARSE,CD_delta_e,FINE,cruise_trim,FAIL,-0.0051907
COARSE,Cm_delta_e,FINE,cruise_trim,FAIL,-1.3865699
COARSE,CY_delta_a,FINE,cruise_trim,FAIL,-0.0450973
COARSE,Cl_delta_a,FINE,cruise_trim,FAIL,-0.2575313
COARSE,Cn_delta_a,FINE,cruise_trim,FAIL,-0.0346613
COARSE,CY_delta_r,FINE,cruise_trim,FAIL,-0.3802907
COARSE,Cl_delta_r,FINE,cruise_trim,FAIL,-0.1088276
COARSE,Cn_delta_r,FINE,cruise_trim,FAIL,0.3340485
MEDIUM,CL,FINE,cruise_trim,FAIL,0.3841835
MEDIUM,CD,FINE,cruise_trim,FAIL,0.022678
MEDIUM,CY,FINE,cruise_trim,FAIL,0.0002036
MEDIUM,Cl,FINE,cruise_trim,FAIL,-0.0005961
MEDIUM,Cm,FINE,cruise_trim,FAIL,-0.0013763
MEDIUM,Cn,FINE,cruise_trim,FAIL,-7.38e-05
MEDIUM,CL_alpha,FINE,cruise_trim,FAIL,4.3708041
MEDIUM,CD_alpha,FINE,cruise_trim,FAIL,0.2169647
MEDIUM,Cm_alpha,FINE,cruise_trim,FAIL,-1.2507154
MEDIUM,CL_q,FINE,cruise_trim,FAIL,8.7189479
MEDIUM,Cm_q,FINE,cruise_trim,FAIL,-12.8108791
MEDIUM,CY_beta,FINE,cruise_trim,FAIL,-0.2164971
MEDIUM,Cl_beta,FINE,cruise_trim,FAIL,-0.2975256
MEDIUM,Cn_beta,FINE,cruise_trim,FAIL,-0.1258637
MEDIUM,CY_p,FINE,cruise_trim,FAIL,-0.0601171
MEDIUM,Cl_p,FINE,cruise_trim,FAIL,-0.4846466
MEDIUM,Cn_p,FINE,cruise_trim,FAIL,-0.0578822
MEDIUM,CY_r,FINE,cruise_trim,FAIL,0.2590946
MEDIUM,Cl_r,FINE,cruise_trim,FAIL,0.0849046
MEDIUM,Cn_r,FINE,cruise_trim,FAIL,-0.0873883
MEDIUM,CL_delta_e,FINE,cruise_trim,FAIL,0.5278203
MEDIUM,CD_delta_e,FINE,cruise_trim,FAIL,0.0104227
MEDIUM,Cm_delta_e,FINE,cruise_trim,FAIL,-1.5118495
MEDIUM,CY_delta_a,FINE,cruise_trim,FAIL,-0.0070719
MEDIUM,Cl_delta_a,FINE,cruise_trim,FAIL,-0.2687269
MEDIUM,Cn_delta_a,FINE,cruise_trim,FAIL,-0.0004834
MEDIUM,CY_delta_r,FINE,cruise_trim,FAIL,-0.1555983
MEDIUM,Cl_delta_r,FINE,cruise_trim,FAIL,-0.0087353
MEDIUM,Cn_delta_r,FINE,cruise_trim,FAIL,0.0546638
FINE,CL,FINE,cruise_trim,FAIL,0.392354
FINE,CD,FINE,cruise_trim,FAIL,0.023189
FINE,CY,FINE,cruise_trim,FAIL,0.0002448
FINE,Cl,FINE,cruise_trim,FAIL,-0.0002645
FINE,Cm,FINE,cruise_trim,FAIL,-0.0174635
FINE,Cn,FINE,cruise_trim,FAIL,-0.0001559
FINE,CL_alpha,FINE,cruise_trim,FAIL,4.8391741
FINE,CD_alpha,FINE,cruise_trim,FAIL,0.5141035
FINE,Cm_alpha,FINE,cruise_trim,FAIL,-0.7686967
FINE,CL_q,FINE,cruise_trim,FAIL,9.0528139
FINE,Cm_q,FINE,cruise_trim,FAIL,-13.2620583
FINE,CY_beta,FINE,cruise_trim,FAIL,-0.4033995
FINE,Cl_beta,FINE,cruise_trim,FAIL,1.0250283
FINE,Cn_beta,FINE,cruise_trim,FAIL,0.0718262
FINE,CY_p,FINE,cruise_trim,FAIL,-0.0657537
FINE,Cl_p,FINE,cruise_trim,FAIL,-0.471755
FINE,Cn_p,FINE,cruise_trim,FAIL,-0.0485508
FINE,CY_r,FINE,cruise_trim,FAIL,0.2491353
FINE,Cl_r,FINE,cruise_trim,FAIL,0.0961694
FINE,Cn_r,FINE,cruise_trim,FAIL,-0.0762749
FINE,CL_delta_e,FINE,cruise_trim,FAIL,0.3809142
FINE,CD_delta_e,FINE,cruise_trim,FAIL,0.0111987
FINE,Cm_delta_e,FINE,cruise_trim,FAIL,-1.2589357
FINE,CY_delta_a,FINE,cruise_trim,FAIL,-0.0179035
FINE,Cl_delta_a,FINE,cruise_trim,FAIL,-0.2318796
FINE,Cn_delta_a,FINE,cruise_trim,FAIL,0.0073381
FINE,CY_delta_r,FINE,cruise_trim,FAIL,-0.1703992
FINE,Cl_delta_r,FINE,cruise_trim,FAIL,0.0442526
FINE,Cn_delta_r,FINE,cruise_trim,FAIL,0.0723079
COARSE,CL,FINE,high_alpha_beta,FAIL,0.8885088
COARSE,CD,FINE,high_alpha_beta,FAIL,0.0639589
COARSE,CY,FINE,high_alpha_beta,FAIL,-0.0132368
COARSE,Cl,FINE,high_alpha_beta,FAIL,-0.0051761
COARSE,Cm,FINE,high_alpha_beta,FAIL,-0.2228026
COARSE,Cn,FINE,high_alpha_beta,FAIL,0.0022828
COARSE,CL_alpha,FINE,high_alpha_beta,FAIL,11.5563052
COARSE,CD_alpha,FINE,high_alpha_beta,FAIL,2.2262693
COARSE,Cm_alpha,FINE,high_alpha_beta,FAIL,-7.126489
COARSE,CL_q,FINE,high_alpha_beta,FAIL,9.0320779
COARSE,Cm_q,FINE,high_alpha_beta,FAIL,-7.976293
COARSE,CY_beta,FINE,high_alpha_beta,FAIL,7.4900963
COARSE,Cl_beta,FINE,high_alpha_beta,FAIL,0.4479233
COARSE,Cn_beta,FINE,high_alpha_beta,FAIL,-6.5634546
COARSE,CY_p,FINE,high_alpha_beta,FAIL,-0.7958559
COARSE,Cl_p,FINE,high_alpha_beta,FAIL,-0.2788707
COARSE,Cn_p,FINE,high_alpha_beta,FAIL,0.0882852
COARSE,CY_r,FINE,high_alpha_beta,FAIL,0.3324502
COARSE,Cl_r,FINE,high_alpha_beta,FAIL,0.1374076
COARSE,Cn_r,FINE,high_alpha_beta,FAIL,-0.0212638
COARSE,CL_delta_e,FINE,high_alpha_beta,FAIL,0.8792168
COARSE,CD_delta_e,FINE,high_alpha_beta,FAIL,0.2050517
COARSE,Cm_delta_e,FINE,high_alpha_beta,FAIL,-3.0328266
COARSE,CY_delta_a,FINE,high_alpha_beta,FAIL,-1.2960651
COARSE,Cl_delta_a,FINE,high_alpha_beta,FAIL,-0.3808862
COARSE,Cn_delta_a,FINE,high_alpha_beta,FAIL,0.1210122
COARSE,CY_delta_r,FINE,high_alpha_beta,FAIL,-0.4205757
COARSE,Cl_delta_r,FINE,high_alpha_beta,FAIL,0.1002956
COARSE,Cn_delta_r,FINE,high_alpha_beta,FAIL,0.2434828
MEDIUM,CL,FINE,high_alpha_beta,FAIL,0.8818657
MEDIUM,CD,FINE,high_alpha_beta,FAIL,0.0576385
MEDIUM,CY,FINE,high_alpha_beta,FAIL,-0.0115522
MEDIUM,Cl,FINE,high_alpha_beta,FAIL,-0.005194
MEDIUM,Cm,FINE,high_alpha_beta,FAIL,-0.2191016
MEDIUM,Cn,FINE,high_alpha_beta,FAIL,0.0015609
MEDIUM,CL_alpha,FINE,high_alpha_beta,FAIL,3.3316265
MEDIUM,CD_alpha,FINE,high_alpha_beta,FAIL,0.2245957
MEDIUM,Cm_alpha,FINE,high_alpha_beta,FAIL,1.6263997
MEDIUM,CL_q,FINE,high_alpha_beta,FAIL,9.1466165
MEDIUM,Cm_q,FINE,high_alpha_beta,FAIL,-12.7106788
MEDIUM,CY_beta,FINE,high_alpha_beta,FAIL,0.718668
MEDIUM,Cl_beta,FINE,high_alpha_beta,FAIL,-2.3956504
MEDIUM,Cn_beta,FINE,high_alpha_beta,FAIL,-0.9354708
MEDIUM,CY_p,FINE,high_alpha_beta,FAIL,-0.0620054
MEDIUM,Cl_p,FINE,high_alpha_beta,FAIL,-0.5762565
MEDIUM,Cn_p,FINE,high_alpha_beta,FAIL,-0.1493069
MEDIUM,CY_r,FINE,high_alpha_beta,FAIL,0.367661
MEDIUM,Cl_r,FINE,high_alpha_beta,FAIL,0.0649242
MEDIUM,Cn_r,FINE,high_alpha_beta,FAIL,-0.1552836
MEDIUM,CL_delta_e,FINE,high_alpha_beta,FAIL,0.3701994
MEDIUM,CD_delta_e,FINE,high_alpha_beta,FAIL,0.0462526
MEDIUM,Cm_delta_e,FINE,high_alpha_beta,FAIL,-1.0614612
MEDIUM,CY_delta_a,FINE,high_alpha_beta,FAIL,0.1045719
MEDIUM,Cl_delta_a,FINE,high_alpha_beta,FAIL,-0.3870308
MEDIUM,Cn_delta_a,FINE,high_alpha_beta,FAIL,-0.0815445
MEDIUM,CY_delta_r,FINE,high_alpha_beta,FAIL,0.0243143
MEDIUM,Cl_delta_r,FINE,high_alpha_beta,FAIL,-0.1012852
MEDIUM,Cn_delta_r,FINE,high_alpha_beta,FAIL,-0.0524844
FINE,CL,FINE,high_alpha_beta,FAIL,0.8833554
FINE,CD,FINE,high_alpha_beta,FAIL,0.0590064
FINE,CY,FINE,high_alpha_beta,FAIL,-0.0102264
FINE,Cl,FINE,high_alpha_beta,FAIL,-0.0048202
FINE,Cm,FINE,high_alpha_beta,FAIL,-0.2272095
FINE,Cn,FINE,high_alpha_beta,FAIL,0.001043
FINE,CL_alpha,FINE,high_alpha_beta,FAIL,5.2660262
FINE,CD_alpha,FINE,high_alpha_beta,FAIL,0.9841983
FINE,Cm_alpha,FINE,high_alpha_beta,FAIL,1.7009876
FINE,CL_q,FINE,high_alpha_beta,FAIL,8.9431597
FINE,Cm_q,FINE,high_alpha_beta,FAIL,-12.7919974
FINE,CY_beta,FINE,high_alpha_beta,FAIL,-1.1736429
FINE,Cl_beta,FINE,high_alpha_beta,FAIL,-0.4262879
FINE,Cn_beta,FINE,high_alpha_beta,FAIL,0.7260041
FINE,CY_p,FINE,high_alpha_beta,FAIL,-0.019725
FINE,Cl_p,FINE,high_alpha_beta,FAIL,-0.4941211
FINE,Cn_p,FINE,high_alpha_beta,FAIL,-0.11249
FINE,CY_r,FINE,high_alpha_beta,FAIL,0.3998079
FINE,Cl_r,FINE,high_alpha_beta,FAIL,0.1158233
FINE,Cn_r,FINE,high_alpha_beta,FAIL,-0.0981508
FINE,CL_delta_e,FINE,high_alpha_beta,FAIL,0.6048773
FINE,CD_delta_e,FINE,high_alpha_beta,FAIL,0.0897947
FINE,Cm_delta_e,FINE,high_alpha_beta,FAIL,-1.7613353
FINE,CY_delta_a,FINE,high_alpha_beta,FAIL,-0.0256665
FINE,Cl_delta_a,FINE,high_alpha_beta,FAIL,-0.5314041
FINE,Cn_delta_a,FINE,high_alpha_beta,FAIL,-0.1147407
FINE,CY_delta_r,FINE,high_alpha_beta,FAIL,-0.2023623
FINE,Cl_delta_r,FINE,high_alpha_beta,FAIL,0.0083615
FINE,Cn_delta_r,FINE,high_alpha_beta,FAIL,0.1384337
